melaleuca-alternifolia|Tea|Acne
melaleuca-alternifolia|Tea|Coughs
melaleuca-alternifolia|Tea|Cold Sores
melaleuca-alternifolia|Tea|Dandruff
melaleuca-alternifolia|Tea|Eczema
melaleuca-alternifolia|Tea|Fungal infections
melaleuca-alternifolia|Tea|Headaches
melaleuca-alternifolia|Tea|Insect bites
melaleuca-alternifolia|Tea|Minor burns
melaleuca-alternifolia|Tea|Psoriasis
melaleuca-alternifolia|Tea|Respiratory issues
melaleuca-alternifolia|Tea|Sunburn
melaleuca-alternifolia|Tea|Wounds
melaleuca-alternifolia|Tea|Other skin problems
melaleuca-alternifolia|Essential oil|Acne
melaleuca-alternifolia|Essential oil|Skin Infection
melaleuca-alternifolia|Essential oil|Dandruff
melaleuca-alternifolia|Essential oil|Hair Conditioning
melaleuca-alternifolia|Essential oil|Athlete's Foot
melaleuca-alternifolia|Essential oil|Eczema
melaleuca-alternifolia|Essential oil|Minor Wounds
melaleuca-alternifolia|Essential oil|Bruises and Scrapes
melaleuca-alternifolia|Tincture|Acne
melaleuca-alternifolia|Tincture|Dandruff
melaleuca-alternifolia|Tincture|Athlete's Foot
melaleuca-alternifolia|Tincture|Wounds
melaleuca-alternifolia|Tincture|Insect bites and stings
melaleuca-alternifolia|Tincture|Cold sores
melaleuca-alternifolia|Tincture|Eczema
melaleuca-alternifolia|Tincture|Psoriasis
melaleuca-alternifolia|Tincture|Burns
melaleuca-alternifolia|Tincture|Dry skin
melaleuca-alternifolia|Tincture|Fungal infections
melaleuca-alternifolia|Tincture|Oily skin
melaleuca-alternifolia|Creams/balms/ointments|Acne
melaleuca-alternifolia|Creams/balms/ointments|Eczema
melaleuca-alternifolia|Creams/balms/ointments|Psoriasis
melaleuca-alternifolia|Creams/balms/ointments|Dry Skin
melaleuca-alternifolia|Creams/balms/ointments|Wounds
melaleuca-alternifolia|Creams/balms/ointments|Insect Bites
melaleuca-alternifolia|Creams/balms/ointments|Dermatitis
melaleuca-alternifolia|Creams/balms/ointments|Fungal Infections
melaleuca-alternifolia|Creams/balms/ointments|Cold Sores
melaleuca-alternifolia|Creams/balms/ointments|Athlete's Foot
melaleuca-alternifolia|Creams/balms/ointments|Chafing
melaleuca-alternifolia|Creams/balms/ointments|Rashes
melaleuca-alternifolia|Creams/balms/ointments|Scars and Burns
melaleuca-alternifolia|Creams/balms/ointments|Sunburn
melaleuca-alternifolia|Gargle|Cough
melaleuca-alternifolia|Gargle|Sore throat
melaleuca-alternifolia|Gargle|Cold
melaleuca-alternifolia|Gargle|Flu
melaleuca-alternifolia|Gargle|Lung issues
melaleuca-alternifolia|Shampoo/wash|Acne
melaleuca-alternifolia|Shampoo/wash|Dandruff
melaleuca-alternifolia|Shampoo/wash|Eczema
melaleuca-alternifolia|Shampoo/wash|Dry Scalp
melaleuca-alternifolia|Shampoo/wash|Fungal Infections
melaleuca-alternifolia|Shampoo/wash|Hair Loss
melaleuca-alternifolia|Suppository|Hemorrhoids
melaleuca-alternifolia|Suppository|Anal fissures
melaleuca-alternifolia|Suppository|Inflammation
melaleuca-alternifolia|Suppository|Pain relief
melaleuca-alternifolia|Suppository|Wound healing
melaleuca-alternifolia|Suppository|Itching and irritation
melaleuca-alternifolia|Suppository|Swelling reduction
melaleuca-alternifolia|Suppository|Relief from constipation
melaleuca-alternifolia|Suppository|Fungal infections
melaleuca-alternifolia|Suppository|Anal itching
melaleuca-alternifolia|Suppository|Relaxation of the anal muscles
melaleuca-alternifolia|Facial cleanser|Acne
melaleuca-alternifolia|Facial cleanser|Blemishes
melaleuca-alternifolia|Facial cleanser|Infections
melaleuca-alternifolia|Facial cleanser|Oily skin
melaleuca-alternifolia|Facial cleanser|Dry skin
melaleuca-alternifolia|Facial cleanser|Redness
melaleuca-alternifolia|Facial cleanser|Blackheads
melaleuca-alternifolia|Facial cleanser|Whiteheads
melaleuca-alternifolia|Facial cleanser|Itchiness
melaleuca-alternifolia|Facial cleanser|Dandruff
melaleuca-alternifolia|Ear drops|Ear Infections
melaleuca-alternifolia|Ear drops|Swimmer's Ear
melaleuca-alternifolia|Ear drops|Otitis Externa
melaleuca-alternifolia|Ear drops|Outer Ear Drainage Issues
melaleuca-alternifolia|Ear drops|Earwax Buildup
melaleuca-alternifolia|Ear drops|Itching, irritation, or inflammation in the ear canal
melaleuca-alternifolia|Ear drops|Ear Pain
melaleuca-alternifolia|Ear drops|Odour from the ear
melaleuca-alternifolia|First aid ointment|Burns
melaleuca-alternifolia|First aid ointment|Cuts and scrapes
melaleuca-alternifolia|First aid ointment|Minor infections
melaleuca-alternifolia|First aid ointment|Chaffing and irritations
melaleuca-alternifolia|First aid ointment|Sunburns
melaleuca-alternifolia|First aid ointment|Insect bites
melaleuca-alternifolia|First aid ointment|Acne
melaleuca-alternifolia|First aid ointment|Sore and stiff muscles
