zanthoxylum-americanum|Reduces inflammation|Inflammation
zanthoxylum-americanum|Reduces inflammation|Arthritis
zanthoxylum-americanum|Reduces inflammation|Muscle pain
zanthoxylum-americanum|Reduces inflammation|Fibromyalgia
zanthoxylum-americanum|Reduces inflammation|Gout
zanthoxylum-americanum|Reduces inflammation|Joint issues
zanthoxylum-americanum|Reduces inflammation|Migraine
zanthoxylum-americanum|Boosts immunity system|Colds and flus
zanthoxylum-americanum|Boosts immunity system|Allergies
zanthoxylum-americanum|Boosts immunity system|Respiratory infections
zanthoxylum-americanum|Boosts immunity system|Weak immune system
zanthoxylum-americanum|Boosts immunity system|Digestive issues
zanthoxylum-americanum|Boosts immunity system|Stress reduction
zanthoxylum-americanum|Boosts immunity system|Preventing illnesses
zanthoxylum-americanum|Relieves pain and fever|Pain relief
zanthoxylum-americanum|Relieves pain and fever|Fever reduction
zanthoxylum-americanum|Relieves pain and fever|Muscle soreness
zanthoxylum-americanum|Relieves pain and fever|Arthritis
zanthoxylum-americanum|Relieves pain and fever|Headache
zanthoxylum-americanum|Relieves pain and fever|Swollen tissue
zanthoxylum-americanum|Relieves pain and fever|Minor injuries
zanthoxylum-americanum|Lowers blood pressure|Hypertension
zanthoxylum-americanum|Lowers blood pressure|High blood pressure
zanthoxylum-americanum|Lowers blood pressure|Heart disease
zanthoxylum-americanum|Lowers blood pressure|Stroke
zanthoxylum-americanum|Lowers blood pressure|Atherosclerosis
zanthoxylum-americanum|Lowers blood pressure|Cardiovascular issues
zanthoxylum-americanum|Lowers blood pressure|Vascular problems
zanthoxylum-americanum|Promotes digestion|Indigestion
zanthoxylum-americanum|Promotes digestion|Constipation
zanthoxylum-americanum|Promotes digestion|Irritable Bowel Syndrome
zanthoxylum-americanum|Promotes digestion|Gastroesophageal Reflux Disease (GERD)
zanthoxylum-americanum|Promotes digestion|Peptic Ulcers
zanthoxylum-americanum|Promotes digestion|Hiccups
zanthoxylum-americanum|Promotes digestion|Diarrhea
zanthoxylum-americanum|Aids in weight loss|Obesity
zanthoxylum-americanum|Aids in weight loss|Weight problems
zanthoxylum-americanum|Aids in weight loss|Overweight
zanthoxylum-americanum|Aids in weight loss|Extra pounds
zanthoxylum-americanum|Aids in weight loss|Unhealthy weight gain
zanthoxylum-americanum|Aids in weight loss|Flabby body
zanthoxylum-americanum|Aids in weight loss|Excess fat
zanthoxylum-americanum|Improves cardiovascular health|High blood pressure
zanthoxylum-americanum|Improves cardiovascular health|Heart disease
zanthoxylum-americanum|Improves cardiovascular health|Stroke risk
zanthoxylum-americanum|Improves cardiovascular health|Atherosclerosis
zanthoxylum-americanum|Improves cardiovascular health|Poor circulation
zanthoxylum-americanum|Improves cardiovascular health|Arteriosclerosis
zanthoxylum-americanum|Improves cardiovascular health|Peripheral artery disease
zanthoxylum-americanum|Reduces stress and anxiety|Stress
zanthoxylum-americanum|Reduces stress and anxiety|Anxiety
zanthoxylum-americanum|Reduces stress and anxiety|Depression
zanthoxylum-americanum|Reduces stress and anxiety|Mood swings
zanthoxylum-americanum|Reduces stress and anxiety|Low energy levels
zanthoxylum-americanum|Reduces stress and anxiety|Insomnia
zanthoxylum-americanum|Reduces stress and anxiety|Poor concentration
zanthoxylum-americanum|Supports bone and joint health|Osteoporosis
zanthoxylum-americanum|Supports bone and joint health|Arthritis
zanthoxylum-americanum|Supports bone and joint health|Joint pain
zanthoxylum-americanum|Supports bone and joint health|Bone fractures
zanthoxylum-americanum|Supports bone and joint health|Tendinitis
zanthoxylum-americanum|Supports bone and joint health|Muscle strains
zanthoxylum-americanum|Supports bone and joint health|Ligament sprains
zanthoxylum-americanum|Fights against cancer cells|Cancer
zanthoxylum-americanum|Fights against cancer cells|Metastatic growths
zanthoxylum-americanum|Fights against cancer cells|Tumor prevention
zanthoxylum-americanum|Fights against cancer cells|Chemotherapy-related side effects relief
zanthoxylum-americanum|Fights against cancer cells|DNA repair mechanisms stimulation
zanthoxylum-americanum|Fights against cancer cells|Boosted immune system functioning
zanthoxylum-americanum|Fights against cancer cells|Enhanced cellular communication and interaction
